{
  "Noroeste Paranaense": [
    "Alto Paraná", "Altônia", "Amaporã", "Cianorte", "Cidade Gaúcha", "Cruzeiro do Oeste", "Diamante do Norte",
    "Guaporema", "Icaraíma", "Itaúna do Sul", "Ivaté", "Maria Helena", "Marilena", "Mariluz", "Maringá",
    "Nova Londrina", "Paraíso do Norte", "Paranacity", "Paranapoema", "Paranavaí", "Planaltina do Paraná",
    "Santa Cruz de Monte Castelo", "Santa Isabel do Ivaí", "Santa Mônica", "São Carlos do Ivaí",
    "São João do Caiuá", "São Jorge do Ivaí", "Tamboara", "Tapira", "Terra Rica", "Tuneiras do Oeste",
    "Umuarama", "Xambrê"
  ],

  "Norte Central Paranaense": [
    "Ângulo", "Arapongas", "Arapuã", "Astorga", "Apucarana", "Atalaia", "Bom Sucesso", "Cambé", "Centenário do Sul",
    "Colorado", "Florestópolis", "Guaraci", "Ibiporã", "Itaguajé", "Ivatuba", "Jandaia do Sul", "Jardim Alegre",
    "Lobato", "Londrina", "Mandaguari", "Mandaguaçu", "Marialva", "Munhoz de Melo", "Miraselva", "Nossa Senhora das Graças",
    "Nova Esperança", "Pitangueiras", "Presidente Castelo Branco", "Rolândia", "Sabáudia", "Santa Fé", "Santa Inês",
    "Santo Inácio", "São Pedro do Ivaí", "Sertanópolis", "Tamarana"
  ],

  "Norte Pioneiro Paranaense": [
    "Abatiá", "Andirá", "Assaí", "Bandeirantes", "Barra do Jacaré", "Cambará", "Carlópolis", "Conselheiro Mairinck",
    "Cornélio Procópio", "Curiúva", "Figueira", "Guapirama", "Ibaiti", "Itambaracá", "Jacarezinho",
    "Japira", "Joaquim Távora", "Leópolis", "Nova Fátima", "Nova Santa Bárbara", "Quatiguá",
    "Ribeirão Claro", "Ribeirão do Pinhal", "Santa Amélia", "Santa Cecília do Pavão", "Santa Mariana",
    "Santana do Itararé", "Santo Antônio da Platina", "São Jerônimo da Serra", "São José da Boa Vista",
    "São Sebastião da Amoreira", "Tomazina", "Uraí", "Wenceslau Braz"
  ],
  "Centro Ocidental Paranaense": [
    "Altamira do Paraná", "Boa Esperança", "Campina da Lagoa", "Campo Mourão", "Corumbataí do Sul",
    "Engenheiro Beltrão", "Farol", "Goioerê", "Iretama", "Janiópolis", "Juranda", "Luiziana", "Mamborê",
    "Moreira Sales", "Nova Cantu", "Peabiru", "Quarto Centenário", "Roncador", "Terra Boa", "Ubiratã"
  ],

  "Centro Oriental Paranaense": [
    "Arapoti", "Carambeí", "Castro", "Curiúva", "Imbaú", "Ortigueira", "Piraí do Sul", "Ponta Grossa",
    "Reserva", "Sengés", "Telêmaco Borba", "Ventania"
  ],
  "Oeste Paranaense": [
    "Assis Chateaubriand", "Cafelândia", "Campo Bonito", "Cascavel", "Catanduvas", "Diamante do Sul",
    "Entre Rios do Oeste", "Formosa do Oeste", "Foz do Iguaçu", "Guaíra", "Iguatu", "Itaipulândia",
    "Jesuítas", "Marechal Cândido Rondon", "Maripá", "Matelândia", "Medianeira", "Mercedes", "Nova Aurora",
    "Nova Santa Rosa", "Palotina", "Pato Bragado", "Quatro Pontes", "Santa Helena", "Santa Lúcia",
    "Santa Tereza do Oeste", "São José das Palmeiras", "São Pedro do Iguaçu", "Toledo", "Três Barras do Paraná",
    "Vera Cruz do Oeste"
  ],

  "Sudoeste Paranaense": [
    "Ampére", "Barracão", "Bela Vista da Caroba", "Boa Esperança do Iguaçu", "Bom Jesus do Sul",
    "Capanema", "Chopinzinho", "Coronel Vivida", "Cruzeiro do Iguaçu", "Dois Vizinhos", "Enéas Marques",
    "Flor da Serra do Sul", "Francisco Beltrão", "Honório Serpa", "Manfrinópolis", "Marmeleiro",
    "Nova Esperança do Sudoeste", "Pato Branco", "Pinhal de São Bento", "Planalto", "Pranchita",
    "Realeza", "Renascença", "Salgado Filho", "Santa Izabel do Oeste", "Santo Antônio do Sudoeste",
    "Saudade do Iguaçu", "Verê"
  ],
  "Centro-Sul Paranaense": [
    "Bituruna", "Candói", "Cantagalo", "Espigão Alto do Iguaçu", "Goioxim", "Guarapuava", "Inácio Martins",
    "Irati", "Laranjeiras do Sul", "Mallet", "Palmital", "Pinhão", "Pitanga", "Prudentópolis", "Reserva do Iguaçu",
    "Rio Bonito do Iguaçu", "Turvo", "Virmond"
  ],

  "Sudeste Paranaense": [
    "Antônio Olinto", "Cruz Machado", "General Carneiro", "Mallet", "Paulo Frontin", "Porto Vitória",
    "São João do Triunfo", "São Mateus do Sul", "União da Vitória"
  ],

  "Metropolitana de Curitiba": [
    "Adrianópolis", "Agudos do Sul", "Almirante Tamandaré", "Araucária", "Balsa Nova", "Bocaiúva do Sul",
    "Campina Grande do Sul", "Campo Largo", "Campo Magro", "Cerro Azul", "Colombo", "Contenda", "Curitiba",
    "Fazenda Rio Grande", "Itaperuçu", "Lapa", "Mandirituba", "Morretes", "Piên", "Pinhais", "Piraquara",
    "Quatro Barras", "Rio Branco do Sul", "São José dos Pinhais", "Tunas do Paraná"
  ]
}
